id_lagu,judul,artis,genre,tahun_rilis,tanggal_rilis,jumlah_putar,popularitas,durasi_detik,negara_artis,benua,dekade,usia_lagu,durasi_menit,kategori_durasi,kategori_popularitas,asal_lagu,putar_per_tahun
1,Shape of You,Ed Sheeran,Pop,2017,2017-01-06,3100000000,90,233,Britania Raya,Eropa,2010-an,9,3.88,Sedang,Tinggi,Internasional,344444444
2,Blinding Lights,The Weeknd,Pop,2019,2019-11-29,3400000000,92,200,Kanada,Amerika Utara,2010-an,7,3.33,Pendek,Tinggi,Internasional,485714286
3,Bohemian Rhapsody,Queen,Rock,1975,1975-10-31,2000000000,88,355,Britania Raya,Eropa,1970-an,51,5.92,Panjang,Tinggi,Internasional,39215686
4,Someone Like You,Adele,Pop,2011,2011-01-24,1700000000,80,285,Britania Raya,Eropa,2010-an,15,4.75,Sedang,Sedang,Internasional,113333333
5,Lose Yourself,Eminem,Hip-Hop,2002,2002-10-28,2100000000,85,326,Amerika Serikat,Amerika Utara,2000-an,24,5.43,Panjang,Tinggi,Internasional,87500000
6,Hotel California,Eagles,Rock,1976,1976-12-08,1500000000,82,390,Amerika Serikat,Amerika Utara,1970-an,50,6.5,Panjang,Sedang,Internasional,30000000
7,Smells Like Teen Spirit,Nirvana,Rock,1991,1991-09-10,1800000000,83,301,Amerika Serikat,Amerika Utara,1990-an,35,5.02,Panjang,Sedang,Internasional,51428571
8,Billie Jean,Michael Jackson,Pop,1983,1983-01-02,1600000000,84,294,Amerika Serikat,Amerika Utara,1980-an,43,4.9,Sedang,Sedang,Internasional,37209302
9,Uptown Funk,Mark Ronson,Funk,2014,2014-11-10,2300000000,81,270,Britania Raya,Eropa,2010-an,12,4.5,Sedang,Sedang,Internasional,191666667
10,Despacito,Luis Fonsi,Latin,2017,2017-01-12,3000000000,78,228,Puerto Riko,Amerika Utara,2010-an,9,3.8,Sedang,Sedang,Internasional,333333333
11,Believer,Imagine Dragons,Rock,2017,2017-02-01,2300000000,82,204,Amerika Serikat,Amerika Utara,2010-an,9,3.4,Pendek,Sedang,Internasional,255555556
12,Bad Guy,Billie Eilish,Pop,2019,2019-03-29,2800000000,87,194,Amerika Serikat,Amerika Utara,2010-an,7,3.23,Pendek,Tinggi,Internasional,400000000
13,Dynamite,BTS,K-Pop,2020,2020-08-21,1400000000,82,199,Korea Selatan,Asia,2020-an,6,3.32,Pendek,Sedang,Internasional,233333333
14,Lathi,Weird Genius,EDM,2020,2020-02-28,650000000,75,213,Indonesia,Asia,2020-an,6,3.55,Sedang,Sedang,Lokal,108333333
15,Hati-Hati di Jalan,Tulus,Pop,2022,2022-02-18,520000000,74,250,Indonesia,Asia,2020-an,4,4.17,Sedang,Sedang,Lokal,130000000
16,Kangen,Dewa 19,Rock,1992,1992-03-15,410000000,70,233,Indonesia,Asia,1990-an,34,3.88,Sedang,Sedang,Lokal,12058824
17,Yellow,Coldplay,Tidak Diketahui,2000,2000-06-26,1900000000,84,269,Britania Raya,Eropa,2000-an,26,4.48,Sedang,Sedang,Internasional,73076923
18,Shake It Off,Taylor Swift,Pop,2014,2014-08-18,2000000000,86,219,Amerika Serikat,Amerika Utara,2010-an,12,3.65,Sedang,Tinggi,Internasional,166666667
19,Just the Way You Are,Bruno Mars,Pop,2010,2010-07-20,1800000000,82,220,Amerika Serikat,Amerika Utara,2010-an,16,3.67,Sedang,Sedang,Internasional,112500000
20,Levitating,Dua Lipa,Pop,2020,2020-03-27,2500000000,88,203,Britania Raya,Eropa,2020-an,6,3.38,Pendek,Tinggi,Internasional,416666667
21,As It Was,Harry Styles,Pop,2022,2022-03-31,3300000000,91,157,Britania Raya,Eropa,2020-an,4,2.62,Pendek,Tinggi,Internasional,825000000
22,Umbrella,Rihanna,Pop,2007,2007-03-29,1500000000,82,276,Barbados,Amerika Utara,2000-an,19,4.6,Sedang,Sedang,Internasional,78947368
23,Sunday Morning,Maroon 5,Pop,2004,,1100000000,76,241,Amerika Serikat,Amerika Utara,2000-an,22,4.02,Sedang,Sedang,Internasional,50000000
24,In the End,Linkin Park,Rock,2001,2001-10-09,1900000000,83,216,Amerika Serikat,Amerika Utara,2000-an,25,3.6,Sedang,Sedang,Internasional,76000000
25,Creep,Radiohead,Rock,1992,1992-09-21,1400000000,78,238,Britania Raya,Eropa,1990-an,34,3.97,Sedang,Sedang,Internasional,41176471
26,Sephia,Sheila on 7,Pop,1999,,380000000,68,243,Indonesia,Asia,1990-an,27,4.05,Sedang,Rendah,Lokal,14074074
27,Dancing Queen,ABBA,Disco,1976,1976-08-16,1500000000,80,231,Swedia,Eropa,1970-an,50,3.85,Sedang,Sedang,Internasional,30000000
28,Wake Me Up,Avicii,EDM,2013,2013-06-17,1800000000,82,247,Swedia,Eropa,2010-an,13,4.12,Sedang,Sedang,Internasional,138461538
29,Get Lucky,Daft Punk,Disco,2013,2013-04-19,1800000000,79,369,Prancis,Eropa,2010-an,13,6.15,Panjang,Sedang,Internasional,138461538
30,Gangnam Style,PSY,K-Pop,2012,2012-07-15,1800000000,77,219,Korea Selatan,Asia,2010-an,14,3.65,Sedang,Sedang,Internasional,128571429
31,Kill This Love,Blackpink,K-Pop,2019,2019-04-04,1000000000,81,191,Korea Selatan,Asia,2010-an,7,3.18,Pendek,Sedang,Internasional,142857143
32,Someone You Loved,Lewis Capaldi,Pop,2018,2018-11-08,1800000000,85,182,Britania Raya,Eropa,2010-an,8,3.03,Pendek,Tinggi,Internasional,225000000
33,Separuh Aku,Noah,Pop,2012,2012-05-20,300000000,82,233,Indonesia,Asia,2010-an,14,3.88,Sedang,Sedang,Lokal,21428571
